prioridad,anio,mes,conv,titulacion,tipo,archivo_local,enlace_texto,nombre_servidor,tam_publicado,pagina_idcontenido,pagina_url,pdf_idcontenido,pdf_url
C,2015,03,1,CY,T1,murcia_2015-03_CY_T1.pdf,Capitán de Yate -mar 15,CAPITAN Tipo 1 marzo-2015 con respuestas.pdf,"351,7 KB",74777,https://www.carm.es/web/pagina?IDCONTENIDO=74777&IDTIPO=100,199212,https://www.carm.es/web/descarga?ARCHIVO=CAPITAN%20Tipo%201%20marzo-2015%20con%20respuestas.pdf&ALIAS=ARCH&IDCONTENIDO=199212&IDTIPO=60
A,2015,03,1,PER,T1,murcia_2015-03_PER_T1.pdf,Patron Embarcaciones de Recreo (PER) -mar 15,P.E.R.  Tipo 1 marzo-2015 con respuestas.pdf,"236,37 KB",74777,https://www.carm.es/web/pagina?IDCONTENIDO=74777&IDTIPO=100,199209,https://www.carm.es/web/descarga?ARCHIVO=P.E.R.%20%20Tipo%201%20marzo-2015%20con%20respuestas.pdf&ALIAS=ARCH&IDCONTENIDO=199209&IDTIPO=60
B,2015,03,1,PERR,T1,murcia_2015-03_PERR_T1.pdf,Patron Embarcaciones de Recreo Reducido (PER reducido) -mar 15,P.E.R.  REDUCIDO Tipo 1 con respuestas.pdf,"202,83 KB",74777,https://www.carm.es/web/pagina?IDCONTENIDO=74777&IDTIPO=100,199210,https://www.carm.es/web/descarga?ARCHIVO=P.E.R.%20%20REDUCIDO%20Tipo%201%20con%20respuestas.pdf&ALIAS=ARCH&IDCONTENIDO=199210&IDTIPO=60
C,2015,03,1,PNB,T1,murcia_2015-03_PNB_T1.pdf,Patron Navegacion Basica (PNB) -mar 15,PNB  Tipo 1 marzo-2015 con respuestas.pdf,"325,23 KB",74777,https://www.carm.es/web/pagina?IDCONTENIDO=74777&IDTIPO=100,199208,https://www.carm.es/web/descarga?ARCHIVO=PNB%20%20Tipo%201%20marzo-2015%20con%20respuestas.pdf&ALIAS=ARCH&IDCONTENIDO=199208&IDTIPO=60
A,2015,03,1,PY,T1,murcia_2015-03_PY_T1.pdf,Patron de Yate -mar 15,PAT - Tipo 1 marzo-2015 con respuestas.pdf,"419,04 KB",74777,https://www.carm.es/web/pagina?IDCONTENIDO=74777&IDTIPO=100,199211,https://www.carm.es/web/descarga?ARCHIVO=PAT%20-%20Tipo%201%20marzo-2015%20con%20respuestas.pdf&ALIAS=ARCH&IDCONTENIDO=199211&IDTIPO=60
C,2015,06,2,CY,T1,murcia_2015-06_CY_T1.pdf,Capitán de Yate -jun 15,CY Tipo 1 junio-2015 con respuestas.pdf,"430,36 KB",74778,https://www.carm.es/web/pagina?IDCONTENIDO=74778&IDTIPO=100,199219,https://www.carm.es/web/descarga?ARCHIVO=CY%20Tipo%201%20junio-2015%20con%20respuestas.pdf&ALIAS=ARCH&IDCONTENIDO=199219&IDTIPO=60
A,2015,06,2,PER,T1,murcia_2015-06_PER_T1.pdf,Patron Embarcaciones de Recreo (PER) jun 15,P.E.R.  Tipo 1 junio-2015 con respuestas.pdf,"358,81 KB",74778,https://www.carm.es/web/pagina?IDCONTENIDO=74778&IDTIPO=100,199216,https://www.carm.es/web/descarga?ARCHIVO=P.E.R.%20%20Tipo%201%20junio-2015%20con%20respuestas.pdf&ALIAS=ARCH&IDCONTENIDO=199216&IDTIPO=60
B,2015,06,2,PERR,T1,murcia_2015-06_PERR_T1.pdf,Patron Embarcaciones de Recreo Reducido (PER reducido) -jun 15,PER reducido Tipo 1 junio-2015 con respuestas.pdf,"247,32 KB",74778,https://www.carm.es/web/pagina?IDCONTENIDO=74778&IDTIPO=100,199217,https://www.carm.es/web/descarga?ARCHIVO=PER%20reducido%20Tipo%201%20junio-2015%20con%20respuestas.pdf&ALIAS=ARCH&IDCONTENIDO=199217&IDTIPO=60
C,2015,06,2,PNB,T1,murcia_2015-06_PNB_T1.pdf,Patron Navegacion Basica (PNB) -jun 15,PNB  Tipo 1 junio-2015 con respuestas.pdf,"307,87 KB",74778,https://www.carm.es/web/pagina?IDCONTENIDO=74778&IDTIPO=100,199215,https://www.carm.es/web/descarga?ARCHIVO=PNB%20%20Tipo%201%20junio-2015%20con%20respuestas.pdf&ALIAS=ARCH&IDCONTENIDO=199215&IDTIPO=60
A,2015,06,2,PY,T1,murcia_2015-06_PY_T1.pdf,Patron de Yate -jun 15,PAT - Tipo 1 junio-2015 con respuestas.pdf,"339,97 KB",74778,https://www.carm.es/web/pagina?IDCONTENIDO=74778&IDTIPO=100,199218,https://www.carm.es/web/descarga?ARCHIVO=PAT%20-%20Tipo%201%20junio-2015%20con%20respuestas.pdf&ALIAS=ARCH&IDCONTENIDO=199218&IDTIPO=60
C,2015,11,3,CY,T1,murcia_2015-11_CY_T1.pdf,Capitán de Yate -nov 15,CAP  noviembre-2015  Tipo 1.pdf,"365,47 KB",74779,https://www.carm.es/web/pagina?IDCONTENIDO=74779&IDTIPO=100,199225,https://www.carm.es/web/descarga?ARCHIVO=CAP%20%20noviembre-2015%20%20Tipo%201.pdf&ALIAS=ARCH&IDCONTENIDO=199225&IDTIPO=60
A,2015,11,3,PER,T1,murcia_2015-11_PER_T1.pdf,Patron Embarcaciones de Recreo (PER) -nov 15,PER Tipo 1 noviembre 2015.pdf,"357,59 KB",74779,https://www.carm.es/web/pagina?IDCONTENIDO=74779&IDTIPO=100,199222,https://www.carm.es/web/descarga?ARCHIVO=PER%20Tipo%201%20noviembre%202015.pdf&ALIAS=ARCH&IDCONTENIDO=199222&IDTIPO=60
B,2015,11,3,PERR,T1,murcia_2015-11_PERR_T1.pdf,Patron Embarcaciones de Recreo Reducido (PER reducido) -nov 15,PER reducido Tipo 1 noviem.pdf,"249,19 KB",74779,https://www.carm.es/web/pagina?IDCONTENIDO=74779&IDTIPO=100,199223,https://www.carm.es/web/descarga?ARCHIVO=PER%20reducido%20Tipo%201%20noviem.pdf&ALIAS=ARCH&IDCONTENIDO=199223&IDTIPO=60
C,2015,11,3,PNB,T1,murcia_2015-11_PNB_T1.pdf,Patron Navegacion Basica (PNB) -nov 15,PNB Tipo1 noviembre 2015.pdf,"309,26 KB",74779,https://www.carm.es/web/pagina?IDCONTENIDO=74779&IDTIPO=100,199221,https://www.carm.es/web/descarga?ARCHIVO=PNB%20Tipo1%20noviembre%202015.pdf&ALIAS=ARCH&IDCONTENIDO=199221&IDTIPO=60
A,2015,11,3,PY,T1,murcia_2015-11_PY_T1.pdf,Patron de Yate -nov 15,PAT-Tipo 1 noviembre 2015.pdf,"346,57 KB",74779,https://www.carm.es/web/pagina?IDCONTENIDO=74779&IDTIPO=100,199224,https://www.carm.es/web/descarga?ARCHIVO=PAT-Tipo%201%20noviembre%202015.pdf&ALIAS=ARCH&IDCONTENIDO=199224&IDTIPO=60
C,2016,03,1,CY,T1,murcia_2016-03_CY_T1.pdf,Capitán de Yate -mar 16,CY Tipo 1 marzo-2016 con respuestas.pdf,"365,15 KB",74773,https://www.carm.es/web/pagina?IDCONTENIDO=74773&IDTIPO=100,199196,https://www.carm.es/web/descarga?ARCHIVO=CY%20Tipo%201%20marzo-2016%20con%20respuestas.pdf&ALIAS=ARCH&IDCONTENIDO=199196&IDTIPO=60
A,2016,03,1,PER,T1,murcia_2016-03_PER_T1.pdf,Patron Embarcaciones de Recreo (PER) -mar 16,P.E.R.  marzo-2016 Tipo 1 con respuestas.pdf,"280,44 KB",74773,https://www.carm.es/web/pagina?IDCONTENIDO=74773&IDTIPO=100,199193,https://www.carm.es/web/descarga?ARCHIVO=P.E.R.%20%20marzo-2016%20Tipo%201%20con%20respuestas.pdf&ALIAS=ARCH&IDCONTENIDO=199193&IDTIPO=60
B,2016,03,1,PERR,T1,murcia_2016-03_PERR_T1.pdf,Patron Embarcaciones de Recreo Reducido (PER reducido) -mar 16,PER reducido Tipo 1 marzo-2016 con respuestas.pdf,"329,21 KB",74773,https://www.carm.es/web/pagina?IDCONTENIDO=74773&IDTIPO=100,199194,https://www.carm.es/web/descarga?ARCHIVO=PER%20reducido%20Tipo%201%20marzo-2016%20con%20respuestas.pdf&ALIAS=ARCH&IDCONTENIDO=199194&IDTIPO=60
C,2016,03,1,PNB,T1,murcia_2016-03_PNB_T1.pdf,Patron Navegacion Basica (PNB) -mar 16,PNB  Tipo 1 marzo-2016 con respuestas.pdf,"307,92 KB",74773,https://www.carm.es/web/pagina?IDCONTENIDO=74773&IDTIPO=100,199192,https://www.carm.es/web/descarga?ARCHIVO=PNB%20%20Tipo%201%20marzo-2016%20con%20respuestas.pdf&ALIAS=ARCH&IDCONTENIDO=199192&IDTIPO=60
A,2016,03,1,PY,T1,murcia_2016-03_PY_T1.pdf,Patrón de Yate -mar 16,PAT - Tipo 1 marzo-2016 con respuestas.pdf,"482,01 KB",74773,https://www.carm.es/web/pagina?IDCONTENIDO=74773&IDTIPO=100,199195,https://www.carm.es/web/descarga?ARCHIVO=PAT%20-%20Tipo%201%20marzo-2016%20con%20respuestas.pdf&ALIAS=ARCH&IDCONTENIDO=199195&IDTIPO=60
C,2016,11,3,CY,T1,murcia_2016-11_CY_T1.pdf,Capitán de Yate -nov 16,CY Tipo 1 noviembre-2016 con respuestas.pdf,"432,52 KB",74775,https://www.carm.es/web/pagina?IDCONTENIDO=74775&IDTIPO=100,199207,https://www.carm.es/web/descarga?ARCHIVO=CY%20Tipo%201%20noviembre-2016%20con%20respuestas.pdf&ALIAS=ARCH&IDCONTENIDO=199207&IDTIPO=60
A,2016,11,3,PER,T1,murcia_2016-11_PER_T1.pdf,Patron Embarcaciones de Recreo (PER) -nov 16,P.E.R.  Tipo 1 noviembre-2016 con respuestas.pdf,"400,81 KB",74775,https://www.carm.es/web/pagina?IDCONTENIDO=74775&IDTIPO=100,199204,https://www.carm.es/web/descarga?ARCHIVO=P.E.R.%20%20Tipo%201%20noviembre-2016%20con%20respuestas.pdf&ALIAS=ARCH&IDCONTENIDO=199204&IDTIPO=60
B,2016,11,3,PERR,T1,murcia_2016-11_PERR_T1.pdf,Patron Embarcaciones de Recreo Reducido (PER reducido) -nov 16,PER reducido Tipo 1 noviembre-2016 con respuestas.pdf,"255,62 KB",74775,https://www.carm.es/web/pagina?IDCONTENIDO=74775&IDTIPO=100,199205,https://www.carm.es/web/descarga?ARCHIVO=PER%20reducido%20Tipo%201%20noviembre-2016%20con%20respuestas.pdf&ALIAS=ARCH&IDCONTENIDO=199205&IDTIPO=60
C,2016,11,3,PNB,T1,murcia_2016-11_PNB_T1.pdf,Patron Navegacion Basica (PNB) -nov 16,PNB  Tipo 1 noviembre-2016 con respuestas.pdf,"382,61 KB",74775,https://www.carm.es/web/pagina?IDCONTENIDO=74775&IDTIPO=100,199203,https://www.carm.es/web/descarga?ARCHIVO=PNB%20%20Tipo%201%20noviembre-2016%20con%20respuestas.pdf&ALIAS=ARCH&IDCONTENIDO=199203&IDTIPO=60
A,2016,11,3,PY,T1,murcia_2016-11_PY_T1.pdf,Patron de Yate -nov 16,PAT - Tipo 1 noviembre-2016 con respuestas.pdf,"418,67 KB",74775,https://www.carm.es/web/pagina?IDCONTENIDO=74775&IDTIPO=100,199206,https://www.carm.es/web/descarga?ARCHIVO=PAT%20-%20Tipo%201%20noviembre-2016%20con%20respuestas.pdf&ALIAS=ARCH&IDCONTENIDO=199206&IDTIPO=60
C,2017,03,1,CY,T1,murcia_2017-03_CY_T1.pdf,Capitan de Yate -mar 17,CY Tipo 1 marzo-2017 con respuestas.pdf,"362,7 KB",74769,https://www.carm.es/web/pagina?IDCONTENIDO=74769&IDTIPO=100,199181,https://www.carm.es/web/descarga?ARCHIVO=CY%20Tipo%201%20marzo-2017%20con%20respuestas.pdf&ALIAS=ARCH&IDCONTENIDO=199181&IDTIPO=60
A,2017,03,1,PER,T1,murcia_2017-03_PER_T1.pdf,Patron Embarcaciones de Recreo (PER) -mar 17,P.E.R.  Tipo 1 marzo-2017 con respuestas.pdf,"349,53 KB",74769,https://www.carm.es/web/pagina?IDCONTENIDO=74769&IDTIPO=100,199177,https://www.carm.es/web/descarga?ARCHIVO=P.E.R.%20%20Tipo%201%20marzo-2017%20con%20respuestas.pdf&ALIAS=ARCH&IDCONTENIDO=199177&IDTIPO=60
B,2017,03,1,PERR,T1,murcia_2017-03_PERR_T1.pdf,Patron Embarcaciones de Recreo Reducido (PER reducido) -mar 17,PER reducido Tipo 1 marzo-2017 con respuestas.pdf,"244,99 KB",74769,https://www.carm.es/web/pagina?IDCONTENIDO=74769&IDTIPO=100,199180,https://www.carm.es/web/descarga?ARCHIVO=PER%20reducido%20Tipo%201%20marzo-2017%20con%20respuestas.pdf&ALIAS=ARCH&IDCONTENIDO=199180&IDTIPO=60
C,2017,03,1,PNB,T1,murcia_2017-03_PNB_T1.pdf,Patron Navegacion Basica (PNB) -mar 17,PNB  Tipo 1 marzo-2017 con respuestas.pdf,"310,78 KB",74769,https://www.carm.es/web/pagina?IDCONTENIDO=74769&IDTIPO=100,199176,https://www.carm.es/web/descarga?ARCHIVO=PNB%20%20Tipo%201%20marzo-2017%20con%20respuestas.pdf&ALIAS=ARCH&IDCONTENIDO=199176&IDTIPO=60
A,2017,03,1,PY,T1,murcia_2017-03_PY_T1.pdf,Patrón de Yate -mar 17,PAT - Tipo 1 marzo-2017 con respuestas.pdf,"357,88 KB",74769,https://www.carm.es/web/pagina?IDCONTENIDO=74769&IDTIPO=100,199179,https://www.carm.es/web/descarga?ARCHIVO=PAT%20-%20Tipo%201%20marzo-2017%20con%20respuestas.pdf&ALIAS=ARCH&IDCONTENIDO=199179&IDTIPO=60
C,2017,06,2,CY,T1,murcia_2017-06_CY_T1.pdf,Capitan de Yate -jun 17,CY Tipo 1 junio-2017 con respuestas.pdf,"366,88 KB",74770,https://www.carm.es/web/pagina?IDCONTENIDO=74770&IDTIPO=100,199186,https://www.carm.es/web/descarga?ARCHIVO=CY%20Tipo%201%20junio-2017%20con%20respuestas.pdf&ALIAS=ARCH&IDCONTENIDO=199186&IDTIPO=60
A,2017,06,2,PER,T1,murcia_2017-06_PER_T1.pdf,Patron Embarcaciones de Recreo (PER) -jun 17,P.E.R.  Tipo 1 junio-2017 con respuestas.pdf,"352,65 KB",74770,https://www.carm.es/web/pagina?IDCONTENIDO=74770&IDTIPO=100,199183,https://www.carm.es/web/descarga?ARCHIVO=P.E.R.%20%20Tipo%201%20junio-2017%20con%20respuestas.pdf&ALIAS=ARCH&IDCONTENIDO=199183&IDTIPO=60
B,2017,06,2,PERR,T1,murcia_2017-06_PERR_T1.pdf,Patron Embarcaciones de Recreo Reducido (PER reducido) -jun 17,PER reducido Tipo 1 junio-2017 con respuestas.pdf,"244,71 KB",74770,https://www.carm.es/web/pagina?IDCONTENIDO=74770&IDTIPO=100,199184,https://www.carm.es/web/descarga?ARCHIVO=PER%20reducido%20Tipo%201%20junio-2017%20con%20respuestas.pdf&ALIAS=ARCH&IDCONTENIDO=199184&IDTIPO=60
C,2017,06,2,PNB,T1,murcia_2017-06_PNB_T1.pdf,Patron Navegacion Basica (PNB) -jun 17,PNB  Tipo 1 junio-2017 con respuestas.pdf,319 KB,74770,https://www.carm.es/web/pagina?IDCONTENIDO=74770&IDTIPO=100,199182,https://www.carm.es/web/descarga?ARCHIVO=PNB%20%20Tipo%201%20junio-2017%20con%20respuestas.pdf&ALIAS=ARCH&IDCONTENIDO=199182&IDTIPO=60
A,2017,06,2,PY,T1,murcia_2017-06_PY_T1.pdf,Patrón de Yate jun 17,PAT - Tipo 1 junio-2017 con respuestas.pdf,"346,8 KB",74770,https://www.carm.es/web/pagina?IDCONTENIDO=74770&IDTIPO=100,199185,https://www.carm.es/web/descarga?ARCHIVO=PAT%20-%20Tipo%201%20junio-2017%20con%20respuestas.pdf&ALIAS=ARCH&IDCONTENIDO=199185&IDTIPO=60
C,2017,11,3,CY,T1,murcia_2017-11_CY_T1.pdf,Capitan de Yate -nov 17,CY Tipo 1 noviembre-2017 con respuestas.pdf,"361,26 KB",74771,https://www.carm.es/web/pagina?IDCONTENIDO=74771&IDTIPO=100,199191,https://www.carm.es/web/descarga?ARCHIVO=CY%20Tipo%201%20noviembre-2017%20con%20respuestas.pdf&ALIAS=ARCH&IDCONTENIDO=199191&IDTIPO=60
A,2017,11,3,PER,T1,murcia_2017-11_PER_T1.pdf,Patron Embarcaciones de Recreo (PER) -nov 17,P.E.R.  Tipo 1 noviembre-2017 con respuestas.pdf,"429,8 KB",74771,https://www.carm.es/web/pagina?IDCONTENIDO=74771&IDTIPO=100,199188,https://www.carm.es/web/descarga?ARCHIVO=P.E.R.%20%20Tipo%201%20noviembre-2017%20con%20respuestas.pdf&ALIAS=ARCH&IDCONTENIDO=199188&IDTIPO=60
B,2017,11,3,PERR,T1,murcia_2017-11_PERR_T1.pdf,Patron Embarcaciones de Recreo Reducido (PER reducido) -nov 17,PER reducido Tipo 1 noviembre-2017 con respuestas.pdf,"256,75 KB",74771,https://www.carm.es/web/pagina?IDCONTENIDO=74771&IDTIPO=100,199190,https://www.carm.es/web/descarga?ARCHIVO=PER%20reducido%20Tipo%201%20noviembre-2017%20con%20respuestas.pdf&ALIAS=ARCH&IDCONTENIDO=199190&IDTIPO=60
C,2017,11,3,PNB,T1,murcia_2017-11_PNB_T1.pdf,Patron Navegacion Basica (PNB) -nov 17,PNB  Tipo 1 noviembre-2017 con respuestas.doc.pdf,"309,27 KB",74771,https://www.carm.es/web/pagina?IDCONTENIDO=74771&IDTIPO=100,199187,https://www.carm.es/web/descarga?ARCHIVO=PNB%20%20Tipo%201%20noviembre-2017%20con%20respuestas.doc.pdf&ALIAS=ARCH&IDCONTENIDO=199187&IDTIPO=60
A,2017,11,3,PY,T1,murcia_2017-11_PY_T1.pdf,Patrón de Yate -nov 17,PAT - Tipo 1 noviembre-2017 con respuestas.doc.pdf,"419,44 KB",74771,https://www.carm.es/web/pagina?IDCONTENIDO=74771&IDTIPO=100,199189,https://www.carm.es/web/descarga?ARCHIVO=PAT%20-%20Tipo%201%20noviembre-2017%20con%20respuestas.doc.pdf&ALIAS=ARCH&IDCONTENIDO=199189&IDTIPO=60
C,2018,03,1,CY,T1,murcia_2018-03_CY_T1.pdf,Capitan de Yate - mar 18,CY Tipo 1 marzo-2018 con respuestas.doc.pdf,"364,43 KB",74765,https://www.carm.es/web/pagina?IDCONTENIDO=74765&IDTIPO=100,199165,https://www.carm.es/web/descarga?ARCHIVO=CY%20Tipo%201%20marzo-2018%20con%20respuestas.doc.pdf&ALIAS=ARCH&IDCONTENIDO=199165&IDTIPO=60
A,2018,03,1,PER,T1,murcia_2018-03_PER_T1.pdf,Patron Embarcaciones de Recreo (PER) -mar 18,P.E.R.  Tipo 1 marzo-2018 con respuestas.doc.pdf,"404,55 KB",74765,https://www.carm.es/web/pagina?IDCONTENIDO=74765&IDTIPO=100,199162,https://www.carm.es/web/descarga?ARCHIVO=P.E.R.%20%20Tipo%201%20marzo-2018%20con%20respuestas.doc.pdf&ALIAS=ARCH&IDCONTENIDO=199162&IDTIPO=60
B,2018,03,1,PERR,T1,murcia_2018-03_PERR_T1.pdf,Patron Embarcaciones de Recreo Reducido (PER reducido) -mar 18,PER reducido Tipo 1 marzo-2018 con respuestas.pdf,"243,82 KB",74765,https://www.carm.es/web/pagina?IDCONTENIDO=74765&IDTIPO=100,199163,https://www.carm.es/web/descarga?ARCHIVO=PER%20reducido%20Tipo%201%20marzo-2018%20con%20respuestas.pdf&ALIAS=ARCH&IDCONTENIDO=199163&IDTIPO=60
C,2018,03,1,PNB,T1,murcia_2018-03_PNB_T1.pdf,Patron Navegacion Basica (PNB) -mar 18,PNB  Tipo 1 marzo-2018 con respuestas.doc.pdf,"307,24 KB",74765,https://www.carm.es/web/pagina?IDCONTENIDO=74765&IDTIPO=100,199160,https://www.carm.es/web/descarga?ARCHIVO=PNB%20%20Tipo%201%20marzo-2018%20con%20respuestas.doc.pdf&ALIAS=ARCH&IDCONTENIDO=199160&IDTIPO=60
A,2018,03,1,PY,T1,murcia_2018-03_PY_T1.pdf,Patrón de Yate -mar 18,PAT - Tipo 1 marzo-2018 con respuestas.pdf,"345,97 KB",74765,https://www.carm.es/web/pagina?IDCONTENIDO=74765&IDTIPO=100,199164,https://www.carm.es/web/descarga?ARCHIVO=PAT%20-%20Tipo%201%20marzo-2018%20con%20respuestas.pdf&ALIAS=ARCH&IDCONTENIDO=199164&IDTIPO=60
C,2018,06,2,CY,T1,murcia_2018-06_CY_T1.pdf,Capitan de Yate -jun 18,CY Tipo 1 junio 2018 con respuestas.pdf,"350,26 KB",74766,https://www.carm.es/web/pagina?IDCONTENIDO=74766&IDTIPO=100,199170,https://www.carm.es/web/descarga?ARCHIVO=CY%20Tipo%201%20junio%202018%20con%20respuestas.pdf&ALIAS=ARCH&IDCONTENIDO=199170&IDTIPO=60
A,2018,06,2,PER,T1,murcia_2018-06_PER_T1.pdf,Patron Embarcaciones de Recreo (PER) -jun 18,PER  Tipo 1 junio-2018 con respuestas.pdf,"404,61 KB",74766,https://www.carm.es/web/pagina?IDCONTENIDO=74766&IDTIPO=100,199167,https://www.carm.es/web/descarga?ARCHIVO=PER%20%20Tipo%201%20junio-2018%20con%20respuestas.pdf&ALIAS=ARCH&IDCONTENIDO=199167&IDTIPO=60
B,2018,06,2,PERR,T1,murcia_2018-06_PERR_T1.pdf,Patron Embarcaciones de Recreo Reducido (PER reducido) -jun 18,PER reducido Tipo 1 junio-2018 con respuestas.doc.pdf,"298,42 KB",74766,https://www.carm.es/web/pagina?IDCONTENIDO=74766&IDTIPO=100,199168,https://www.carm.es/web/descarga?ARCHIVO=PER%20reducido%20Tipo%201%20junio-2018%20con%20respuestas.doc.pdf&ALIAS=ARCH&IDCONTENIDO=199168&IDTIPO=60
C,2018,06,2,PNB,T1,murcia_2018-06_PNB_T1.pdf,Patron Navegacion Basica (PNB) -jun 18,PNB  Tipo 1 junio-2018 con respuestas.pdf,"219,71 KB",74766,https://www.carm.es/web/pagina?IDCONTENIDO=74766&IDTIPO=100,199166,https://www.carm.es/web/descarga?ARCHIVO=PNB%20%20Tipo%201%20junio-2018%20con%20respuestas.pdf&ALIAS=ARCH&IDCONTENIDO=199166&IDTIPO=60
A,2018,06,2,PY,T1,murcia_2018-06_PY_T1.pdf,Patrón de Yate -jun 18,PAT - Tipo 1 junio-2018 con respuestas.pdf,"346,61 KB",74766,https://www.carm.es/web/pagina?IDCONTENIDO=74766&IDTIPO=100,199169,https://www.carm.es/web/descarga?ARCHIVO=PAT%20-%20Tipo%201%20junio-2018%20con%20respuestas.pdf&ALIAS=ARCH&IDCONTENIDO=199169&IDTIPO=60
C,2018,11,3,CY,T1,murcia_2018-11_CY_T1.pdf,Capitan de Yate -nov 18,CY Tipo 1 noviembre 2018 con respuestas.pdf,"441,19 KB",74767,https://www.carm.es/web/pagina?IDCONTENIDO=74767&IDTIPO=100,199175,https://www.carm.es/web/descarga?ARCHIVO=CY%20Tipo%201%20noviembre%202018%20con%20respuestas.pdf&ALIAS=ARCH&IDCONTENIDO=199175&IDTIPO=60
A,2018,11,3,PER,T1,murcia_2018-11_PER_T1.pdf,Patron Embarcaciones de Recreo (PER) -nov 18,P.E.R.  Tipo 1 noviembre-2018 con respuestas.pdf,"405,84 KB",74767,https://www.carm.es/web/pagina?IDCONTENIDO=74767&IDTIPO=100,199172,https://www.carm.es/web/descarga?ARCHIVO=P.E.R.%20%20Tipo%201%20noviembre-2018%20con%20respuestas.pdf&ALIAS=ARCH&IDCONTENIDO=199172&IDTIPO=60
B,2018,11,3,PERR,T1,murcia_2018-11_PERR_T1.pdf,Patron Embarcaciones de Recreo Reducido (PER reducido) -nov 18,PER reducido Tipo 1 noviembre-2018 con respuestas.pdf,"255,02 KB",74767,https://www.carm.es/web/pagina?IDCONTENIDO=74767&IDTIPO=100,199173,https://www.carm.es/web/descarga?ARCHIVO=PER%20reducido%20Tipo%201%20noviembre-2018%20con%20respuestas.pdf&ALIAS=ARCH&IDCONTENIDO=199173&IDTIPO=60
C,2018,11,3,PNB,T1,murcia_2018-11_PNB_T1.pdf,Patron Navegacion Basica (PNB) -nov 18,PNB  Tipo 1 noviembre-2018 con respuestas.doc.pdf,"309,18 KB",74767,https://www.carm.es/web/pagina?IDCONTENIDO=74767&IDTIPO=100,199171,https://www.carm.es/web/descarga?ARCHIVO=PNB%20%20Tipo%201%20noviembre-2018%20con%20respuestas.doc.pdf&ALIAS=ARCH&IDCONTENIDO=199171&IDTIPO=60
A,2018,11,3,PY,T1,murcia_2018-11_PY_T1.pdf,Patrón de Yate -nov 18,PAT - Tipo 1 noviembre-2018 con respuestas.pdf,"353,8 KB",74767,https://www.carm.es/web/pagina?IDCONTENIDO=74767&IDTIPO=100,199174,https://www.carm.es/web/descarga?ARCHIVO=PAT%20-%20Tipo%201%20noviembre-2018%20con%20respuestas.pdf&ALIAS=ARCH&IDCONTENIDO=199174&IDTIPO=60
C,2019,03,1,CY,T1,murcia_2019-03_CY_T1.pdf,Capitan de Yate - mar 19,CY Tipo 1 marzo 2019 con respuestas.pdf,"416,92 KB",74761,https://www.carm.es/web/pagina?IDCONTENIDO=74761&IDTIPO=100,199144,https://www.carm.es/web/descarga?ARCHIVO=CY%20Tipo%201%20marzo%202019%20con%20respuestas.pdf&ALIAS=ARCH&IDCONTENIDO=199144&IDTIPO=60
A,2019,03,1,PER,T1,murcia_2019-03_PER_T1.pdf,Patrón Embarcaciones de Recreo (PER) - mar 19,P.E.R.  Tipo 1 marzo-2019 con respuestas.pdf,"367,84 KB",74761,https://www.carm.es/web/pagina?IDCONTENIDO=74761&IDTIPO=100,199141,https://www.carm.es/web/descarga?ARCHIVO=P.E.R.%20%20Tipo%201%20marzo-2019%20con%20respuestas.pdf&ALIAS=ARCH&IDCONTENIDO=199141&IDTIPO=60
B,2019,03,1,PERR,T1,murcia_2019-03_PERR_T1.pdf,Patrón Embarcaciones de Recreo Reducido (PER reducido) - mar 19,PER reducido Tipo 1 marzo-2019 con respuestas.pdf,"241,89 KB",74761,https://www.carm.es/web/pagina?IDCONTENIDO=74761&IDTIPO=100,199142,https://www.carm.es/web/descarga?ARCHIVO=PER%20reducido%20Tipo%201%20marzo-2019%20con%20respuestas.pdf&ALIAS=ARCH&IDCONTENIDO=199142&IDTIPO=60
C,2019,03,1,PNB,T1,murcia_2019-03_PNB_T1.pdf,Patrón Navegación Básica (PNB) - mar 19,PNB  Tipo 1 marzo-2019 con respuestas.pdf,"311,95 KB",74761,https://www.carm.es/web/pagina?IDCONTENIDO=74761&IDTIPO=100,199140,https://www.carm.es/web/descarga?ARCHIVO=PNB%20%20Tipo%201%20marzo-2019%20con%20respuestas.pdf&ALIAS=ARCH&IDCONTENIDO=199140&IDTIPO=60
A,2019,03,1,PY,T1,murcia_2019-03_PY_T1.pdf,Patrón de Yate - mar 19,PAT - Tipo 1 marzo-2019 con respuestas.pdf,"418,84 KB",74761,https://www.carm.es/web/pagina?IDCONTENIDO=74761&IDTIPO=100,199143,https://www.carm.es/web/descarga?ARCHIVO=PAT%20-%20Tipo%201%20marzo-2019%20con%20respuestas.pdf&ALIAS=ARCH&IDCONTENIDO=199143&IDTIPO=60
C,2019,06,2,CY,T1,murcia_2019-06_CY_T1.pdf,Capitan de Yate - jun 19,CY Tipo 1 junio 2019 con respuestas.pdf,"440,83 KB",74762,https://www.carm.es/web/pagina?IDCONTENIDO=74762&IDTIPO=100,199149,https://www.carm.es/web/descarga?ARCHIVO=CY%20Tipo%201%20junio%202019%20con%20respuestas.pdf&ALIAS=ARCH&IDCONTENIDO=199149&IDTIPO=60
A,2019,06,2,PER,T1,murcia_2019-06_PER_T1.pdf,Patrón Embarcaciones de Recreo (PER) - jun 19,P.E.R.  Tipo 1 junio 2019 con respuestas.doc.pdf,"511,91 KB",74762,https://www.carm.es/web/pagina?IDCONTENIDO=74762&IDTIPO=100,199146,https://www.carm.es/web/descarga?ARCHIVO=P.E.R.%20%20Tipo%201%20junio%202019%20con%20respuestas.doc.pdf&ALIAS=ARCH&IDCONTENIDO=199146&IDTIPO=60
B,2019,06,2,PERR,T1,murcia_2019-06_PERR_T1.pdf,Patrón Embarcaciones de Recreo Reducido (PER reducido) - jun 19,PER reducido Tipo 1 junio 2019 con respuestas.pdf,"303,94 KB",74762,https://www.carm.es/web/pagina?IDCONTENIDO=74762&IDTIPO=100,199147,https://www.carm.es/web/descarga?ARCHIVO=PER%20reducido%20Tipo%201%20junio%202019%20con%20respuestas.pdf&ALIAS=ARCH&IDCONTENIDO=199147&IDTIPO=60
C,2019,06,2,PNB,T1,murcia_2019-06_PNB_T1.pdf,Patron Navegacion Basica (PNB) -jun 19,PNB  Tipo 1 junio 2019 con respuestas.doc.pdf,"222,48 KB",74762,https://www.carm.es/web/pagina?IDCONTENIDO=74762&IDTIPO=100,199145,https://www.carm.es/web/descarga?ARCHIVO=PNB%20%20Tipo%201%20junio%202019%20con%20respuestas.doc.pdf&ALIAS=ARCH&IDCONTENIDO=199145&IDTIPO=60
A,2019,06,2,PY,T1,murcia_2019-06_PY_T1.pdf,Patrón de Yate - jun 19,PAT - Tipo 1 junio 2019 con respuestas.doc.pdf,"352,46 KB",74762,https://www.carm.es/web/pagina?IDCONTENIDO=74762&IDTIPO=100,199148,https://www.carm.es/web/descarga?ARCHIVO=PAT%20-%20Tipo%201%20junio%202019%20con%20respuestas.doc.pdf&ALIAS=ARCH&IDCONTENIDO=199148&IDTIPO=60
C,2019,11,3,CY,T1,murcia_2019-11_CY_T1.pdf,Capitán de Yate - nov 19,CY Tipo 1 noviembre 2019 con respuestas.pdf,"422,48 KB",74763,https://www.carm.es/web/pagina?IDCONTENIDO=74763&IDTIPO=100,199154,https://www.carm.es/web/descarga?ARCHIVO=CY%20Tipo%201%20noviembre%202019%20con%20respuestas.pdf&ALIAS=ARCH&IDCONTENIDO=199154&IDTIPO=60
A,2019,11,3,PER,T1,murcia_2019-11_PER_T1.pdf,Patrón Embarcaciones de Recreo (PER) - nov 19,P.E.R. Tipo 1 noviembre-2019 con respuestas.pdf,"339,69 KB",74763,https://www.carm.es/web/pagina?IDCONTENIDO=74763&IDTIPO=100,199151,https://www.carm.es/web/descarga?ARCHIVO=P.E.R.%20Tipo%201%20noviembre-2019%20con%20respuestas.pdf&ALIAS=ARCH&IDCONTENIDO=199151&IDTIPO=60
B,2019,11,3,PERR,T1,murcia_2019-11_PERR_T1.pdf,Patrón Embarcaciones de Recreo Reducido (PER reducido) - nov 19,PER reducido Tipo 1 noviembre 2019 con respuestas.pdf,"256,63 KB",74763,https://www.carm.es/web/pagina?IDCONTENIDO=74763&IDTIPO=100,199152,https://www.carm.es/web/descarga?ARCHIVO=PER%20reducido%20Tipo%201%20noviembre%202019%20con%20respuestas.pdf&ALIAS=ARCH&IDCONTENIDO=199152&IDTIPO=60
C,2019,11,3,PNB,T1,murcia_2019-11_PNB_T1.pdf,Patrón Navegación Básica (PNB) - nov 19,P.N.B. Tipo 1 noviembre 2019 con respuestas.pdf,"319,65 KB",74763,https://www.carm.es/web/pagina?IDCONTENIDO=74763&IDTIPO=100,199150,https://www.carm.es/web/descarga?ARCHIVO=P.N.B.%20Tipo%201%20noviembre%202019%20con%20respuestas.pdf&ALIAS=ARCH&IDCONTENIDO=199150&IDTIPO=60
A,2019,11,3,PY,T1,murcia_2019-11_PY_T1.pdf,Patrón de Yate - nov 19,PAT - Tipo 1 noviembre 2019 con respuestas.doc.pdf,"362,25 KB",74763,https://www.carm.es/web/pagina?IDCONTENIDO=74763&IDTIPO=100,199153,https://www.carm.es/web/descarga?ARCHIVO=PAT%20-%20Tipo%201%20noviembre%202019%20con%20respuestas.doc.pdf&ALIAS=ARCH&IDCONTENIDO=199153&IDTIPO=60
C,2020,07,1,CY,T1,murcia_2020-07_CY_T1.pdf,Capitán de Yate - jul 20,CY  julio 2020 Tipo 1 con respuestas.pdf,"359,83 KB",74757,https://www.carm.es/web/pagina?IDCONTENIDO=74757&IDTIPO=100,199132,https://www.carm.es/web/descarga?ARCHIVO=CY%20%20julio%202020%20Tipo%201%20con%20respuestas.pdf&ALIAS=ARCH&IDCONTENIDO=199132&IDTIPO=60
A,2020,07,1,PER,T1,murcia_2020-07_PER_T1.pdf,Patrón Embarcaciones de Recreo (PER) - jul 20,PER  julio 2020 Tipo 1 con respuestas.pdf,"343,14 KB",74757,https://www.carm.es/web/pagina?IDCONTENIDO=74757&IDTIPO=100,199129,https://www.carm.es/web/descarga?ARCHIVO=PER%20%20julio%202020%20Tipo%201%20con%20respuestas.pdf&ALIAS=ARCH&IDCONTENIDO=199129&IDTIPO=60
B,2020,07,1,PERR,T1,murcia_2020-07_PERR_T1.pdf,Patrón Embarcaciones de Recreo Reducido (PER reducido) - jul 20,PER reducido julio 2020 Tipo 1 con respuestas.pdf,"307,08 KB",74757,https://www.carm.es/web/pagina?IDCONTENIDO=74757&IDTIPO=100,199130,https://www.carm.es/web/descarga?ARCHIVO=PER%20reducido%20julio%202020%20Tipo%201%20con%20respuestas.pdf&ALIAS=ARCH&IDCONTENIDO=199130&IDTIPO=60
C,2020,07,1,PNB,T1,murcia_2020-07_PNB_T1.pdf,Patrón Navegación Básica (PNB) - jul 20,PNB julio 2020 Tipo 1 con respuestas.pdf,"92,57 KB",74757,https://www.carm.es/web/pagina?IDCONTENIDO=74757&IDTIPO=100,199128,https://www.carm.es/web/descarga?ARCHIVO=PNB%20julio%202020%20Tipo%201%20con%20respuestas.pdf&ALIAS=ARCH&IDCONTENIDO=199128&IDTIPO=60
A,2020,07,1,PY,T1,murcia_2020-07_PY_T1.pdf,Patrón de Yate - jul 20,PAT  julio 2020 Tipo 1 con respuestas.pdf,"352,3 KB",74757,https://www.carm.es/web/pagina?IDCONTENIDO=74757&IDTIPO=100,199131,https://www.carm.es/web/descarga?ARCHIVO=PAT%20%20julio%202020%20Tipo%201%20con%20respuestas.pdf&ALIAS=ARCH&IDCONTENIDO=199131&IDTIPO=60
A,2020,10,2,PER,T1,murcia_2020-10_PER_T1_d09.pdf,Patrón Embarcaciones de Recreo (PER) - 9 ene 21,PER octubre-2020 (9-01-2021) Tipo 1 con respuestas.pdf,"0,5 MB",74758,https://www.carm.es/web/pagina?IDCONTENIDO=74758&IDTIPO=100,199133,https://www.carm.es/web/descarga?ARCHIVO=PER%20octubre-2020%20%289-01-2021%29%20Tipo%201%20con%20respuestas.pdf&ALIAS=ARCH&IDCONTENIDO=199133&IDTIPO=60
A,2020,10,2,PER,T1,murcia_2020-10_PER_T1_d10.pdf,Patrón Embarcaciones de Recreo (PER) - 10 ene 21,PER octubre-2020 (10-01-2021)  Tipo 1 con respuestas.pdf,"417,23 KB",74758,https://www.carm.es/web/pagina?IDCONTENIDO=74758&IDTIPO=100,199134,https://www.carm.es/web/descarga?ARCHIVO=PER%20octubre-2020%20%2810-01-2021%29%20%20Tipo%201%20con%20respuestas.pdf&ALIAS=ARCH&IDCONTENIDO=199134&IDTIPO=60
B,2020,10,2,PERR,T1,murcia_2020-10_PERR_T1_d09.pdf,Patrón Embarcaciones de Recreo Reducido (PER reducido) - 9 ene 21,PER reducido octubre-2020 (9-01-2021) Tipo 1 con respuestas.pdf,"307,31 KB",74758,https://www.carm.es/web/pagina?IDCONTENIDO=74758&IDTIPO=100,199135,https://www.carm.es/web/descarga?ARCHIVO=PER%20reducido%20octubre-2020%20%289-01-2021%29%20Tipo%201%20con%20respuestas.pdf&ALIAS=ARCH&IDCONTENIDO=199135&IDTIPO=60
B,2020,10,2,PERR,T1,murcia_2020-10_PERR_T1_d10.pdf,Patrón Embarcaciones de Recreo Reducido (PER reducido) - 10 ene 21,PER reducido octubre-2020 (10-01-2021) Tipo 1 con respuestas.pdf,"307,02 KB",74758,https://www.carm.es/web/pagina?IDCONTENIDO=74758&IDTIPO=100,199136,https://www.carm.es/web/descarga?ARCHIVO=PER%20reducido%20octubre-2020%20%2810-01-2021%29%20Tipo%201%20con%20respuestas.pdf&ALIAS=ARCH&IDCONTENIDO=199136&IDTIPO=60
C,2021,04,1,CY,T1,murcia_2021-04_CY_T1.pdf,Capitan de Yate - abr 21,CAP abril 2021 Tipo 1 con respuestas.pdf,"356,71 KB",74753,https://www.carm.es/web/pagina?IDCONTENIDO=74753&IDTIPO=100,199111,https://www.carm.es/web/descarga?ARCHIVO=CAP%20abril%202021%20Tipo%201%20con%20respuestas.pdf&ALIAS=ARCH&IDCONTENIDO=199111&IDTIPO=60
A,2021,04,1,PER,T1,murcia_2021-04_PER_T1_d17.pdf,Patron Embarcaciones de Recreo (PER)- 17 abr 21,PER 17-abril-2021  Tipo 1 con respuestas.pdf,"508,34 KB",74753,https://www.carm.es/web/pagina?IDCONTENIDO=74753&IDTIPO=100,199106,https://www.carm.es/web/descarga?ARCHIVO=PER%2017-abril-2021%20%20Tipo%201%20con%20respuestas.pdf&ALIAS=ARCH&IDCONTENIDO=199106&IDTIPO=60
A,2021,04,1,PER,T1,murcia_2021-04_PER_T1_d18.pdf,Patron Embarcaciones de Recreo (PER)- 18 abr 21,PER 18-abril-2021(M)  Tipo 1  con respuestas.pdf,"0,66 MB",74753,https://www.carm.es/web/pagina?IDCONTENIDO=74753&IDTIPO=100,199107,https://www.carm.es/web/descarga?ARCHIVO=PER%2018-abril-2021%28M%29%20%20Tipo%201%20%20con%20respuestas.pdf&ALIAS=ARCH&IDCONTENIDO=199107&IDTIPO=60
B,2021,04,1,PERR,T1,murcia_2021-04_PERR_T1_d17.pdf,Patron Embarcaciones de Recreo Reducido (PER reducido) -17 abr 21,PER reducido 17-abri-2021 Tipo 1 con respuestas.pdf,"302,37 KB",74753,https://www.carm.es/web/pagina?IDCONTENIDO=74753&IDTIPO=100,199108,https://www.carm.es/web/descarga?ARCHIVO=PER%20reducido%2017-abri-2021%20Tipo%201%20con%20respuestas.pdf&ALIAS=ARCH&IDCONTENIDO=199108&IDTIPO=60
B,2021,04,1,PERR,T1,murcia_2021-04_PERR_T1_d18.pdf,Patron Embarcaciones de Recreo Reducido (PER reducido) -18 abr 21,PER reducido 18-abri-2021(M) Tipo 1 con respuestas.pdf,"0,63 MB",74753,https://www.carm.es/web/pagina?IDCONTENIDO=74753&IDTIPO=100,199109,https://www.carm.es/web/descarga?ARCHIVO=PER%20reducido%2018-abri-2021%28M%29%20Tipo%201%20con%20respuestas.pdf&ALIAS=ARCH&IDCONTENIDO=199109&IDTIPO=60
A,2021,04,1,PY,T1,murcia_2021-04_PY_T1.pdf,Patrón de Yate - abr 21,PAT abril 2021 Tipo 1 con respuestas.pdf,"349,71 KB",74753,https://www.carm.es/web/pagina?IDCONTENIDO=74753&IDTIPO=100,199110,https://www.carm.es/web/descarga?ARCHIVO=PAT%20abril%202021%20Tipo%201%20con%20respuestas.pdf&ALIAS=ARCH&IDCONTENIDO=199110&IDTIPO=60
C,2021,06,2,CY,T1,murcia_2021-06_CY_T1.pdf,Capitan de Yate -jun 21,CAP junio-2021 Tipo 1 con respuestas.pdf,"358,72 KB",74754,https://www.carm.es/web/pagina?IDCONTENIDO=74754&IDTIPO=100,199115,https://www.carm.es/web/descarga?ARCHIVO=CAP%20junio-2021%20Tipo%201%20con%20respuestas.pdf&ALIAS=ARCH&IDCONTENIDO=199115&IDTIPO=60
A,2021,06,2,PER,T1,murcia_2021-06_PER_T1.pdf,Patron Embarcaciones de Recreo (PER) -jun 21,PER 27-junio-2021(M) Tipo 1   con respuestas.pdf,"333,85 KB",74754,https://www.carm.es/web/pagina?IDCONTENIDO=74754&IDTIPO=100,199112,https://www.carm.es/web/descarga?ARCHIVO=PER%2027-junio-2021%28M%29%20Tipo%201%20%20%20con%20respuestas.pdf&ALIAS=ARCH&IDCONTENIDO=199112&IDTIPO=60
B,2021,06,2,PERR,T1,murcia_2021-06_PERR_T1.pdf,Patron Embarcaciones de Recreo Reducido (PER reducido)- jun 21,PER reducido  27-junio-2021(M)  Tipo 1 con respuestas.pdf,"301,55 KB",74754,https://www.carm.es/web/pagina?IDCONTENIDO=74754&IDTIPO=100,199113,https://www.carm.es/web/descarga?ARCHIVO=PER%20reducido%20%2027-junio-2021%28M%29%20%20Tipo%201%20con%20respuestas.pdf&ALIAS=ARCH&IDCONTENIDO=199113&IDTIPO=60
A,2021,06,2,PY,T1,murcia_2021-06_PY_T1.pdf,Patrón de Yate -jun 21,PAT  junio-2021 Tipo 1 con respuestas.doc.pdf,"424,71 KB",74754,https://www.carm.es/web/pagina?IDCONTENIDO=74754&IDTIPO=100,199114,https://www.carm.es/web/descarga?ARCHIVO=PAT%20%20junio-2021%20Tipo%201%20con%20respuestas.doc.pdf&ALIAS=ARCH&IDCONTENIDO=199114&IDTIPO=60
C,2021,11,3,CY,T1,murcia_2021-11_CY_T1.pdf,Capitán de Yate -nov 21,CAPITAN noviembre 2021 - Tipo 1 con respuestas.pdf,"353,73 KB",74755,https://www.carm.es/web/pagina?IDCONTENIDO=74755&IDTIPO=100,199119,https://www.carm.es/web/descarga?ARCHIVO=CAPITAN%20noviembre%202021%20-%20Tipo%201%20con%20respuestas.pdf&ALIAS=ARCH&IDCONTENIDO=199119&IDTIPO=60
A,2021,11,3,PER,T1,murcia_2021-11_PER_T1.pdf,Patrón Embarcaciones de Recreo (PER) - nov 21,PER noviembre 2021 -Tipo 1 con respuestas.pdf,"353,07 KB",74755,https://www.carm.es/web/pagina?IDCONTENIDO=74755&IDTIPO=100,199116,https://www.carm.es/web/descarga?ARCHIVO=PER%20noviembre%202021%20-Tipo%201%20con%20respuestas.pdf&ALIAS=ARCH&IDCONTENIDO=199116&IDTIPO=60
B,2021,11,3,PERR,T1,murcia_2021-11_PERR_T1.pdf,Patrón Embarcaciones de Recreo Reducido (PER reducido) - nov 21,PER reducido noviembre 2021 - Tipo 1 con respuestas.pdf,"310,65 KB",74755,https://www.carm.es/web/pagina?IDCONTENIDO=74755&IDTIPO=100,199117,https://www.carm.es/web/descarga?ARCHIVO=PER%20reducido%20noviembre%202021%20-%20Tipo%201%20con%20respuestas.pdf&ALIAS=ARCH&IDCONTENIDO=199117&IDTIPO=60
A,2021,11,3,PY,T1,murcia_2021-11_PY_T1.pdf,Patrón de Yate - nov 21,PATRON  noviembre 2021 - Tipo 1 con respuestas.pdf,"355,79 KB",74755,https://www.carm.es/web/pagina?IDCONTENIDO=74755&IDTIPO=100,199118,https://www.carm.es/web/descarga?ARCHIVO=PATRON%20%20noviembre%202021%20-%20Tipo%201%20con%20respuestas.pdf&ALIAS=ARCH&IDCONTENIDO=199118&IDTIPO=60
C,2022,04,1,CY,T1,murcia_2022-04_CY_T1.pdf,Capitan de Yate -abr 22,CAPITAN abril-2022 Tipo 1 con respuestas.pdf,"416,54 KB",74749,https://www.carm.es/web/pagina?IDCONTENIDO=74749&IDTIPO=100,199095,https://www.carm.es/web/descarga?ARCHIVO=CAPITAN%20abril-2022%20Tipo%201%20con%20respuestas.pdf&ALIAS=ARCH&IDCONTENIDO=199095&IDTIPO=60
A,2022,04,1,PER,T1,murcia_2022-04_PER_T1.pdf,Patrón Embarcaciones de recreo (PER) - abr 22,PER abril-2022  Tipo 1  con respuestas.doc.pdf,"405,16 KB",74749,https://www.carm.es/web/pagina?IDCONTENIDO=74749&IDTIPO=100,199087,https://www.carm.es/web/descarga?ARCHIVO=PER%20abril-2022%20%20Tipo%201%20%20con%20respuestas.doc.pdf&ALIAS=ARCH&IDCONTENIDO=199087&IDTIPO=60
B,2022,04,1,PERR,T1,murcia_2022-04_PERR_T1.pdf,Patrón Embarcaciones de Recreo Reducido (PER reducido) - abr 22,PER reducido ABRIL-2022 Tipo 1 con respuestas.doc.pdf,"200,97 KB",74749,https://www.carm.es/web/pagina?IDCONTENIDO=74749&IDTIPO=100,199089,https://www.carm.es/web/descarga?ARCHIVO=PER%20reducido%20ABRIL-2022%20Tipo%201%20con%20respuestas.doc.pdf&ALIAS=ARCH&IDCONTENIDO=199089&IDTIPO=60
A,2022,04,1,PY,T1,murcia_2022-04_PY_T1.pdf,Patrón de Yate -abr 22,PATRON  abril -2022 Tipo 1 con respuestas.pdf,"351,92 KB",74749,https://www.carm.es/web/pagina?IDCONTENIDO=74749&IDTIPO=100,199093,https://www.carm.es/web/descarga?ARCHIVO=PATRON%20%20abril%20-2022%20Tipo%201%20con%20respuestas.pdf&ALIAS=ARCH&IDCONTENIDO=199093&IDTIPO=60
C,2022,06,2,CY,T1,murcia_2022-06_CY_T1.pdf,Capitán de yate -jun 22,CAPITAN junio-2022 Tipo 1 con respuestas.pdf,"482,26 KB",74750,https://www.carm.es/web/pagina?IDCONTENIDO=74750&IDTIPO=100,199100,https://www.carm.es/web/descarga?ARCHIVO=CAPITAN%20junio-2022%20Tipo%201%20con%20respuestas.pdf&ALIAS=ARCH&IDCONTENIDO=199100&IDTIPO=60
A,2022,06,2,PER,T1,murcia_2022-06_PER_T1.pdf,Patron Embarcaciones de Recreo (PER)- jun 22,PER junio-2022 Tipo 1 con respuestas.docx.pdf,"338,92 KB",74750,https://www.carm.es/web/pagina?IDCONTENIDO=74750&IDTIPO=100,199097,https://www.carm.es/web/descarga?ARCHIVO=PER%20junio-2022%20Tipo%201%20con%20respuestas.docx.pdf&ALIAS=ARCH&IDCONTENIDO=199097&IDTIPO=60
B,2022,06,2,PERR,T1,murcia_2022-06_PERR_T1.pdf,Patron Embarcaciones de Recreo Reducido (PER reducido) -jun 22,PERRED~1.pdf,"241,57 KB",74750,https://www.carm.es/web/pagina?IDCONTENIDO=74750&IDTIPO=100,199098,https://www.carm.es/web/descarga?ARCHIVO=PERRED%7E1.pdf&ALIAS=ARCH&IDCONTENIDO=199098&IDTIPO=60
A,2022,06,2,PY,T1,murcia_2022-06_PY_T1.pdf,Patrón de yate -jun 22,PATRON junio-2022 Tipo 1 con respuestas.docx.pdf,"423,84 KB",74750,https://www.carm.es/web/pagina?IDCONTENIDO=74750&IDTIPO=100,199099,https://www.carm.es/web/descarga?ARCHIVO=PATRON%20junio-2022%20Tipo%201%20con%20respuestas.docx.pdf&ALIAS=ARCH&IDCONTENIDO=199099&IDTIPO=60
C,2022,11,3,CY,T1,murcia_2022-11_CY_T1.pdf,Capitán de Yate - nov 22,CAPITAN Noviembre 2022.pdf,"405,76 KB",74751,https://www.carm.es/web/pagina?IDCONTENIDO=74751&IDTIPO=100,199104,https://www.carm.es/web/descarga?ARCHIVO=CAPITAN%20Noviembre%202022.pdf&ALIAS=ARCH&IDCONTENIDO=199104&IDTIPO=60
A,2022,11,3,PER,T1,murcia_2022-11_PER_T1.pdf,Patron Embarcaciones de Recreo (PER)- nov 22,PER Noviembre 2022.pdf,"429,13 KB",74751,https://www.carm.es/web/pagina?IDCONTENIDO=74751&IDTIPO=100,199101,https://www.carm.es/web/descarga?ARCHIVO=PER%20Noviembre%202022.pdf&ALIAS=ARCH&IDCONTENIDO=199101&IDTIPO=60
B,2022,11,3,PERR,T1,murcia_2022-11_PERR_T1.pdf,Patron Embarcaciones de Recreo Reducido (PER reducido) - nov 22,PER reducido Nov. 2022.pdf,"230,44 KB",74751,https://www.carm.es/web/pagina?IDCONTENIDO=74751&IDTIPO=100,199102,https://www.carm.es/web/descarga?ARCHIVO=PER%20reducido%20Nov.%202022.pdf&ALIAS=ARCH&IDCONTENIDO=199102&IDTIPO=60
A,2022,11,3,PY,T1,murcia_2022-11_PY_T1.pdf,Patrón de Yate - nov 22,Patrón de yate Nov 2022.pdf,"409,54 KB",74751,https://www.carm.es/web/pagina?IDCONTENIDO=74751&IDTIPO=100,199103,https://www.carm.es/web/descarga?ARCHIVO=Patr%C3%B3n%20de%20yate%20Nov%202022.pdf&ALIAS=ARCH&IDCONTENIDO=199103&IDTIPO=60
C,2023,03,1,CY,T1,murcia_2023-03_CY_T1.pdf,Capitán de Yate -mar 23,CAP marzo-2023 Tipo 1 con respuestas.pdf,"421,6 KB",74745,https://www.carm.es/web/pagina?IDCONTENIDO=74745&IDTIPO=100,199070,https://www.carm.es/web/descarga?ARCHIVO=CAP%20marzo-2023%20Tipo%201%20con%20respuestas.pdf&ALIAS=ARCH&IDCONTENIDO=199070&IDTIPO=60
A,2023,03,1,PER,T1,murcia_2023-03_PER_T1.pdf,Patrón Embarcaciones de Recreo (PER) - mar 23,PER marzo- 2023 Tipo 1 con respuestas.pdf,"359,71 KB",74745,https://www.carm.es/web/pagina?IDCONTENIDO=74745&IDTIPO=100,199067,https://www.carm.es/web/descarga?ARCHIVO=PER%20marzo-%202023%20Tipo%201%20con%20respuestas.pdf&ALIAS=ARCH&IDCONTENIDO=199067&IDTIPO=60
B,2023,03,1,PERR,T1,murcia_2023-03_PERR_T1.pdf,Patrón Embarcaciones de Recreo Reducido (PER reducido) - mar 23,PER reducido marzo-23 Tipo 1 con respuestas.pdf,"331,4 KB",74745,https://www.carm.es/web/pagina?IDCONTENIDO=74745&IDTIPO=100,199068,https://www.carm.es/web/descarga?ARCHIVO=PER%20reducido%20marzo-23%20Tipo%201%20con%20respuestas.pdf&ALIAS=ARCH&IDCONTENIDO=199068&IDTIPO=60
C,2023,03,1,PNB,T1,murcia_2023-03_PNB_T1.pdf,Patrón Navegación Básica (PNB) - mar 23,PNB marzo-2023 Tipo 1 con respuestas.pdf,"321,34 KB",74745,https://www.carm.es/web/pagina?IDCONTENIDO=74745&IDTIPO=100,199066,https://www.carm.es/web/descarga?ARCHIVO=PNB%20marzo-2023%20Tipo%201%20con%20respuestas.pdf&ALIAS=ARCH&IDCONTENIDO=199066&IDTIPO=60
A,2023,03,1,PY,T1,murcia_2023-03_PY_T1.pdf,Patrón de Yate - mar 23,PATRON marzo-2023 Tipo 1 con respuestas.pdf,"347,34 KB",74745,https://www.carm.es/web/pagina?IDCONTENIDO=74745&IDTIPO=100,199069,https://www.carm.es/web/descarga?ARCHIVO=PATRON%20marzo-2023%20Tipo%201%20con%20respuestas.pdf&ALIAS=ARCH&IDCONTENIDO=199069&IDTIPO=60
C,2023,06,2,CY,T1,murcia_2023-06_CY_T1.pdf,Capitán de Yate -jun 23,CAP junio-2023 Tipo 1 con respuestas.pdf,"419,46 KB",74746,https://www.carm.es/web/pagina?IDCONTENIDO=74746&IDTIPO=100,199080,https://www.carm.es/web/descarga?ARCHIVO=CAP%20junio-2023%20Tipo%201%20con%20respuestas.pdf&ALIAS=ARCH&IDCONTENIDO=199080&IDTIPO=60
A,2023,06,2,PER,T1,murcia_2023-06_PER_T1.pdf,Patrón Embarcaciones de Recreo (PER) - jun 23,PER junio-2023 Tipo 1 con respuestas.pdf,"290,42 KB",74746,https://www.carm.es/web/pagina?IDCONTENIDO=74746&IDTIPO=100,199077,https://www.carm.es/web/descarga?ARCHIVO=PER%20junio-2023%20Tipo%201%20con%20respuestas.pdf&ALIAS=ARCH&IDCONTENIDO=199077&IDTIPO=60
B,2023,06,2,PERR,T1,murcia_2023-06_PERR_T1.pdf,Patrón Embarcaciones de Recreo Reducido (PER reducido) - jun 23,PER reducido JUN-23 Tipo 1 con respuestas.pdf,"262,1 KB",74746,https://www.carm.es/web/pagina?IDCONTENIDO=74746&IDTIPO=100,199078,https://www.carm.es/web/descarga?ARCHIVO=PER%20reducido%20JUN-23%20Tipo%201%20con%20respuestas.pdf&ALIAS=ARCH&IDCONTENIDO=199078&IDTIPO=60
C,2023,06,2,PNB,T1,murcia_2023-06_PNB_T1.docx,Patrón Navegación Básica (PNB) - jun 23,PNB junio-2023 Tipo 1 con respuestas.docx,"63,5 KB",74746,https://www.carm.es/web/pagina?IDCONTENIDO=74746&IDTIPO=100,199076,https://www.carm.es/web/descarga?ARCHIVO=PNB%20junio-2023%20Tipo%201%20con%20respuestas.docx&ALIAS=ARCH&IDCONTENIDO=199076&IDTIPO=60
A,2023,06,2,PY,T1,murcia_2023-06_PY_T1.pdf,Patrón de Yate- jun 23,PAT junio-2023 Tipo 1 con respuestas.pdf,"504,88 KB",74746,https://www.carm.es/web/pagina?IDCONTENIDO=74746&IDTIPO=100,199079,https://www.carm.es/web/descarga?ARCHIVO=PAT%20junio-2023%20Tipo%201%20con%20respuestas.pdf&ALIAS=ARCH&IDCONTENIDO=199079&IDTIPO=60
C,2023,11,3,CY,T1,murcia_2023-11_CY_T1.pdf,Capitán de Yate -nov 23,CAP tipo 1 Nov-23 con respuestas.pdf,"411,66 KB",74747,https://www.carm.es/web/pagina?IDCONTENIDO=74747&IDTIPO=100,199085,https://www.carm.es/web/descarga?ARCHIVO=CAP%20tipo%201%20Nov-23%20con%20respuestas.pdf&ALIAS=ARCH&IDCONTENIDO=199085&IDTIPO=60
A,2023,11,3,PER,T1,murcia_2023-11_PER_T1.pdf,Patrón Embarcaciones de Recreo (PER) - nov 23,PER tipo 1 Nov.2023 con respuestas.pdf,"284,71 KB",74747,https://www.carm.es/web/pagina?IDCONTENIDO=74747&IDTIPO=100,199082,https://www.carm.es/web/descarga?ARCHIVO=PER%20tipo%201%20Nov.2023%20con%20respuestas.pdf&ALIAS=ARCH&IDCONTENIDO=199082&IDTIPO=60
B,2023,11,3,PERR,T1,murcia_2023-11_PERR_T1.pdf,Patrón Embarcaciones de Recreo Reducido (PER reducido)-nov 23,PER reducido Nov.2023.pdf,"254,79 KB",74747,https://www.carm.es/web/pagina?IDCONTENIDO=74747&IDTIPO=100,199083,https://www.carm.es/web/descarga?ARCHIVO=PER%20reducido%20Nov.2023.pdf&ALIAS=ARCH&IDCONTENIDO=199083&IDTIPO=60
C,2023,11,3,PNB,T1,murcia_2023-11_PNB_T1.pdf,Patrón Navegación Básica (PNB) - nov 23,PNB Tipo 1 Nov-2023 con respuestas.pdf,"312,89 KB",74747,https://www.carm.es/web/pagina?IDCONTENIDO=74747&IDTIPO=100,199081,https://www.carm.es/web/descarga?ARCHIVO=PNB%20Tipo%201%20Nov-2023%20con%20respuestas.pdf&ALIAS=ARCH&IDCONTENIDO=199081&IDTIPO=60
A,2023,11,3,PY,T1,murcia_2023-11_PY_T1.pdf,Patrón de Yate -nov 23,PAT tipo 1 Nov-23 con respuestas.pdf,"502,51 KB",74747,https://www.carm.es/web/pagina?IDCONTENIDO=74747&IDTIPO=100,199084,https://www.carm.es/web/descarga?ARCHIVO=PAT%20tipo%201%20Nov-23%20con%20respuestas.pdf&ALIAS=ARCH&IDCONTENIDO=199084&IDTIPO=60
C,2024,03,1,CY,T1,murcia_2024-03_CY_T1.pdf,Capitán de Yate -mar 24,CAP marzo-2024 Tipo 1 con respuestas.pdf,"0,53 MB",74742,https://www.carm.es/web/pagina?IDCONTENIDO=74742&IDTIPO=100,199040,https://www.carm.es/web/descarga?ARCHIVO=CAP%20marzo-2024%20Tipo%201%20con%20respuestas.pdf&ALIAS=ARCH&IDCONTENIDO=199040&IDTIPO=60
A,2024,03,1,PER,T1,murcia_2024-03_PER_T1.pdf,Patrón Embarcaciones de Recreo (PER) - mar 24,PER marzo-2024 Tipo 1 con respuestas.pdf,"359,35 KB",74742,https://www.carm.es/web/pagina?IDCONTENIDO=74742&IDTIPO=100,199037,https://www.carm.es/web/descarga?ARCHIVO=PER%20marzo-2024%20Tipo%201%20con%20respuestas.pdf&ALIAS=ARCH&IDCONTENIDO=199037&IDTIPO=60
B,2024,03,1,PERR,T1,murcia_2024-03_PERR_T1.pdf,Patrón Embarcaciones de Recreo Reducido (PER reducido) - mar 24,PER reducido marzo-2024 Tipo 1 con respuestas.pdf,"258,65 KB",74742,https://www.carm.es/web/pagina?IDCONTENIDO=74742&IDTIPO=100,199038,https://www.carm.es/web/descarga?ARCHIVO=PER%20reducido%20marzo-2024%20Tipo%201%20con%20respuestas.pdf&ALIAS=ARCH&IDCONTENIDO=199038&IDTIPO=60
C,2024,03,1,PNB,T1,murcia_2024-03_PNB_T1.pdf,Patron Navegacion Basica (PNB) -mar 24,PNB marzo-2024 Tipo 1 con respuestas.pdf,"392,63 KB",74742,https://www.carm.es/web/pagina?IDCONTENIDO=74742&IDTIPO=100,199036,https://www.carm.es/web/descarga?ARCHIVO=PNB%20marzo-2024%20Tipo%201%20con%20respuestas.pdf&ALIAS=ARCH&IDCONTENIDO=199036&IDTIPO=60
A,2024,03,1,PY,T1,murcia_2024-03_PY_T1.pdf,Patrón de Yate - mar 24,PAT marzo-24 Tipo 1 con respuestas.pdf,"424,01 KB",74742,https://www.carm.es/web/pagina?IDCONTENIDO=74742&IDTIPO=100,199039,https://www.carm.es/web/descarga?ARCHIVO=PAT%20marzo-24%20Tipo%201%20con%20respuestas.pdf&ALIAS=ARCH&IDCONTENIDO=199039&IDTIPO=60
C,2024,06,2,CY,T1,murcia_2024-06_CY_T1.pdf,Capitán de Yate -jun 24,CAP junio-2024 Tipo 1 con respuestas.pdf,"355,29 KB",74741,https://www.carm.es/web/pagina?IDCONTENIDO=74741&IDTIPO=100,199033,https://www.carm.es/web/descarga?ARCHIVO=CAP%20junio-2024%20Tipo%201%20con%20respuestas.pdf&ALIAS=ARCH&IDCONTENIDO=199033&IDTIPO=60
A,2024,06,2,PER,T1,murcia_2024-06_PER_T1.pdf,Patrón Embarcaciones de Recreo (PER) - jun 24,PER junio-24 Tipo 1 con respuestas.pdf,"329,04 KB",74741,https://www.carm.es/web/pagina?IDCONTENIDO=74741&IDTIPO=100,199030,https://www.carm.es/web/descarga?ARCHIVO=PER%20junio-24%20Tipo%201%20con%20respuestas.pdf&ALIAS=ARCH&IDCONTENIDO=199030&IDTIPO=60
B,2024,06,2,PERR,T1,murcia_2024-06_PERR_T1.pdf,Patrón Embarcaciones de recreo Reducido (PER reducido) - jun 24,PER reducido junio-2024 Tipo 1 con respuestas.pdf,"300,43 KB",74741,https://www.carm.es/web/pagina?IDCONTENIDO=74741&IDTIPO=100,199031,https://www.carm.es/web/descarga?ARCHIVO=PER%20reducido%20junio-2024%20Tipo%201%20con%20respuestas.pdf&ALIAS=ARCH&IDCONTENIDO=199031&IDTIPO=60
C,2024,06,2,PNB,T1,murcia_2024-06_PNB_T1.pdf,Patron Navegacion Basica (PNB) jun 24,PNB junio-2024 Tipo 1 con respuestas.pdf,"221,95 KB",74741,https://www.carm.es/web/pagina?IDCONTENIDO=74741&IDTIPO=100,199029,https://www.carm.es/web/descarga?ARCHIVO=PNB%20junio-2024%20Tipo%201%20con%20respuestas.pdf&ALIAS=ARCH&IDCONTENIDO=199029&IDTIPO=60
A,2024,06,2,PY,T1,murcia_2024-06_PY_T1.pdf,Patron de Yate - jun 24,PAT junio-2024 Tipo 1 con respuestas.pdf,"352,78 KB",74741,https://www.carm.es/web/pagina?IDCONTENIDO=74741&IDTIPO=100,199032,https://www.carm.es/web/descarga?ARCHIVO=PAT%20junio-2024%20Tipo%201%20con%20respuestas.pdf&ALIAS=ARCH&IDCONTENIDO=199032&IDTIPO=60
C,2024,11,3,CY,T1,murcia_2024-11_CY_T1.pdf,Capitán de Yate -nov 24,CAP tipo 1 Noviembre-2024 con respuestas.pdf,"361,68 KB",74743,https://www.carm.es/web/pagina?IDCONTENIDO=74743&IDTIPO=100,199045,https://www.carm.es/web/descarga?ARCHIVO=CAP%20tipo%201%20Noviembre-2024%20con%20respuestas.pdf&ALIAS=ARCH&IDCONTENIDO=199045&IDTIPO=60
A,2024,11,3,PER,T1,murcia_2024-11_PER_T1.pdf,Patrón Embarcaciones de Recreo (PER) - nov 24,PER tipo 1 noviembre-24 con respuestas.pdf,"334,15 KB",74743,https://www.carm.es/web/pagina?IDCONTENIDO=74743&IDTIPO=100,199042,https://www.carm.es/web/descarga?ARCHIVO=PER%20tipo%201%20noviembre-24%20con%20respuestas.pdf&ALIAS=ARCH&IDCONTENIDO=199042&IDTIPO=60
B,2024,11,3,PERR,T1,murcia_2024-11_PERR_T1.pdf,Patrón Embarcaciones de Recreo Reducido (PER reducido) - nov 24,PER reducido T-1 noviembre-2024 Tipo 1 con respuestas.pdf,"303,24 KB",74743,https://www.carm.es/web/pagina?IDCONTENIDO=74743&IDTIPO=100,199043,https://www.carm.es/web/descarga?ARCHIVO=PER%20reducido%20T-1%20noviembre-2024%20Tipo%201%20con%20respuestas.pdf&ALIAS=ARCH&IDCONTENIDO=199043&IDTIPO=60
C,2024,11,3,PNB,T1,murcia_2024-11_PNB_T1.pdf,Patron Navegacion Basica (PNB)-nov 24,PNB Tipo 1 nov-2024  con respuestas.pdf,"224,08 KB",74743,https://www.carm.es/web/pagina?IDCONTENIDO=74743&IDTIPO=100,199041,https://www.carm.es/web/descarga?ARCHIVO=PNB%20Tipo%201%20nov-2024%20%20con%20respuestas.pdf&ALIAS=ARCH&IDCONTENIDO=199041&IDTIPO=60
A,2024,11,3,PY,T1,murcia_2024-11_PY_T1.pdf,Patrón de Yate -nov 24,PAT noviembre-2024 Tipo 1  con respuestas.pdf,"366,05 KB",74743,https://www.carm.es/web/pagina?IDCONTENIDO=74743&IDTIPO=100,199044,https://www.carm.es/web/descarga?ARCHIVO=PAT%20noviembre-2024%20Tipo%201%20%20con%20respuestas.pdf&ALIAS=ARCH&IDCONTENIDO=199044&IDTIPO=60
C,2025,03,1,CY,T1,murcia_2025-03_CY_T1.pdf,Capitan de Yate -mar 25,CAP  marzo-2025  Tipo 1  con respuestas.pdf,"363,35 KB",74739,https://www.carm.es/web/pagina?IDCONTENIDO=74739&IDTIPO=100,199027,https://www.carm.es/web/descarga?ARCHIVO=CAP%20%20marzo-2025%20%20Tipo%201%20%20con%20respuestas.pdf&ALIAS=ARCH&IDCONTENIDO=199027&IDTIPO=60
A,2025,03,1,PER,T1,murcia_2025-03_PER_T1.pdf,Patrón Embarcaciones de Recreo (PER) -mar 25,PER tipo 1 marzo-2025 con respuestas.pdf,"407,4 KB",74739,https://www.carm.es/web/pagina?IDCONTENIDO=74739&IDTIPO=100,199024,https://www.carm.es/web/descarga?ARCHIVO=PER%20tipo%201%20marzo-2025%20con%20respuestas.pdf&ALIAS=ARCH&IDCONTENIDO=199024&IDTIPO=60
B,2025,03,1,PERR,T1,murcia_2025-03_PERR_T1.pdf,Patrón Embarcaciones de Recreo Reducido (PER reducido) -mar 25,PER reducido T-1 marzo-2025 con respuestas.pdf,"202,25 KB",74739,https://www.carm.es/web/pagina?IDCONTENIDO=74739&IDTIPO=100,199025,https://www.carm.es/web/descarga?ARCHIVO=PER%20reducido%20T-1%20marzo-2025%20con%20respuestas.pdf&ALIAS=ARCH&IDCONTENIDO=199025&IDTIPO=60
C,2025,03,1,PNB,T1,murcia_2025-03_PNB_T1.pdf,Patron Navegacion Basica (PNB) -mar 25,PNB Tipo 1 marzo-2025  con respuestas.pdf,"226,8 KB",74739,https://www.carm.es/web/pagina?IDCONTENIDO=74739&IDTIPO=100,199022,https://www.carm.es/web/descarga?ARCHIVO=PNB%20Tipo%201%20marzo-2025%20%20con%20respuestas.pdf&ALIAS=ARCH&IDCONTENIDO=199022&IDTIPO=60
A,2025,03,1,PY,T1,murcia_2025-03_PY_T1.pdf,Patron de Yate -mar 25,PAT tipo 1 marzo-2025  con respuestas.pdf,"368,92 KB",74739,https://www.carm.es/web/pagina?IDCONTENIDO=74739&IDTIPO=100,199026,https://www.carm.es/web/descarga?ARCHIVO=PAT%20tipo%201%20marzo-2025%20%20con%20respuestas.pdf&ALIAS=ARCH&IDCONTENIDO=199026&IDTIPO=60
C,2025,06,2,CY,T1,murcia_2025-06_CY_T1.pdf,Capitan de Yate - jun 25,WEB CAP  junio-2025  Tipo 1  con respuestas.pdf,"0,52 MB",74952,https://www.carm.es/web/pagina?IDCONTENIDO=74952&IDTIPO=100,201053,https://www.carm.es/web/descarga?ARCHIVO=WEB%20CAP%20%20junio-2025%20%20Tipo%201%20%20con%20respuestas.pdf&ALIAS=ARCH&IDCONTENIDO=201053&IDTIPO=60
A,2025,06,2,PER,T1,murcia_2025-06_PER_T1.pdf,Patron Embarcaciones de Recreo (PER)- jun 25,WEB PER tipo 1 junio-2025 con respuestas.docx.pdf,"0,67 MB",74952,https://www.carm.es/web/pagina?IDCONTENIDO=74952&IDTIPO=100,201050,https://www.carm.es/web/descarga?ARCHIVO=WEB%20PER%20tipo%201%20junio-2025%20con%20respuestas.docx.pdf&ALIAS=ARCH&IDCONTENIDO=201050&IDTIPO=60
B,2025,06,2,PERR,T1,murcia_2025-06_PERR_T1.pdf,Patron de Embarcaciones de Recreo Reducido (PER reducido)- jun 25,WEB PER reducido T-1 junio-2025 con respuestas.pdf,"475,99 KB",74952,https://www.carm.es/web/pagina?IDCONTENIDO=74952&IDTIPO=100,201051,https://www.carm.es/web/descarga?ARCHIVO=WEB%20PER%20reducido%20T-1%20junio-2025%20con%20respuestas.pdf&ALIAS=ARCH&IDCONTENIDO=201051&IDTIPO=60
C,2025,06,2,PNB,T1,murcia_2025-06_PNB_T1.pdf,Patron Navegacion Basica (PNB) - jun 25,WEB PNB Tipo 1 junio-2025  con respuestas.docx.pdf,"401,01 KB",74952,https://www.carm.es/web/pagina?IDCONTENIDO=74952&IDTIPO=100,201049,https://www.carm.es/web/descarga?ARCHIVO=WEB%20PNB%20Tipo%201%20junio-2025%20%20con%20respuestas.docx.pdf&ALIAS=ARCH&IDCONTENIDO=201049&IDTIPO=60
A,2025,06,2,PY,T1,murcia_2025-06_PY_T1.pdf,Patron de Yate - jun 25,WEB PAT tipo 1 JUNIO-2025  con respuestas.docx.pdf,"0,58 MB",74952,https://www.carm.es/web/pagina?IDCONTENIDO=74952&IDTIPO=100,201052,https://www.carm.es/web/descarga?ARCHIVO=WEB%20PAT%20tipo%201%20JUNIO-2025%20%20con%20respuestas.docx.pdf&ALIAS=ARCH&IDCONTENIDO=201052&IDTIPO=60
C,2025,11,3,CY,T1,murcia_2025-11_CY_T1.pdf,Capitán de Yate -nov 25,WEB CAP tipo 1 nov-2025 con respuestas.pdf,"349,51 KB",75242,https://www.carm.es/web/pagina?IDCONTENIDO=75242&IDTIPO=100,204112,https://www.carm.es/web/descarga?ARCHIVO=WEB%20CAP%20tipo%201%20nov-2025%20con%20respuestas.pdf&ALIAS=ARCH&IDCONTENIDO=204112&IDTIPO=60
A,2025,11,3,PER,T1,murcia_2025-11_PER_T1.pdf,Patron embarcaciones de Recreo (PER) -nov 25,WEB PER tipo 1 noviembre-25 con respuestas.pdf,"333,65 KB",75242,https://www.carm.es/web/pagina?IDCONTENIDO=75242&IDTIPO=100,204110,https://www.carm.es/web/descarga?ARCHIVO=WEB%20PER%20tipo%201%20noviembre-25%20con%20respuestas.pdf&ALIAS=ARCH&IDCONTENIDO=204110&IDTIPO=60
B,2025,11,3,PERR,T1,murcia_2025-11_PERR_T1.pdf,Patron Embarcaciones de Recreo Reducido (PER REDUCIDO)- nov 25,WEB PER reducido T-1 nov-25 con respuestas.pdf,"302,08 KB",75242,https://www.carm.es/web/pagina?IDCONTENIDO=75242&IDTIPO=100,204115,https://www.carm.es/web/descarga?ARCHIVO=WEB%20PER%20reducido%20T-1%20nov-25%20con%20respuestas.pdf&ALIAS=ARCH&IDCONTENIDO=204115&IDTIPO=60
C,2025,11,3,PNB,T1,murcia_2025-11_PNB_T1.pdf,Patron Navegacion Basica (PNB)-nov 25,WEB PNB Tipo 1 nov-2025  con respuestas.docx.pdf,"224,88 KB",75242,https://www.carm.es/web/pagina?IDCONTENIDO=75242&IDTIPO=100,204109,https://www.carm.es/web/descarga?ARCHIVO=WEB%20PNB%20Tipo%201%20nov-2025%20%20con%20respuestas.docx.pdf&ALIAS=ARCH&IDCONTENIDO=204109&IDTIPO=60
A,2025,11,3,PY,T1,murcia_2025-11_PY_T1.pdf,Patron de Yate -nov 25,WEB PAT tipo 1 nov-25  con respuestas.pdf,"0,59 MB",75242,https://www.carm.es/web/pagina?IDCONTENIDO=75242&IDTIPO=100,204111,https://www.carm.es/web/descarga?ARCHIVO=WEB%20PAT%20tipo%201%20nov-25%20%20con%20respuestas.pdf&ALIAS=ARCH&IDCONTENIDO=204111&IDTIPO=60
C,2026,03,1,CY,T1,murcia_2026-03_CY_T1.pdf,Capitan de Yate -marzo 26,CAP Tipo 1  marzo-26 con respuestas.pdf,"435,79 KB",75475,https://www.carm.es/web/pagina?IDCONTENIDO=75475&IDTIPO=100,206531,https://www.carm.es/web/descarga?ARCHIVO=CAP%20Tipo%201%20%20marzo-26%20con%20respuestas.pdf&ALIAS=ARCH&IDCONTENIDO=206531&IDTIPO=60
A,2026,03,1,PER,T1,murcia_2026-03_PER_T1.pdf,Patron embarcaciones de Recreo (PER)- marzo 26,PER tipo 1 marzo-2026 con respuestas.pdf,"337,75 KB",75475,https://www.carm.es/web/pagina?IDCONTENIDO=75475&IDTIPO=100,206528,https://www.carm.es/web/descarga?ARCHIVO=PER%20tipo%201%20marzo-2026%20con%20respuestas.pdf&ALIAS=ARCH&IDCONTENIDO=206528&IDTIPO=60
B,2026,03,1,PERR,T1,murcia_2026-03_PERR_T1.pdf,Patron Embarcaciones de Recreo Reducido (PER REDUCIDO) - marzo 26,PER reducido T-1 marzo-2026 con respuestas.pdf,"305,54 KB",75475,https://www.carm.es/web/pagina?IDCONTENIDO=75475&IDTIPO=100,206529,https://www.carm.es/web/descarga?ARCHIVO=PER%20reducido%20T-1%20marzo-2026%20con%20respuestas.pdf&ALIAS=ARCH&IDCONTENIDO=206529&IDTIPO=60
C,2026,03,1,PNB,T1,murcia_2026-03_PNB_T1.pdf,Patron Navegacion Basica (PNB)- marzo 26,PNB Tipo 1 marzo-2026  con respuestas.docx.pdf,"226,85 KB",75475,https://www.carm.es/web/pagina?IDCONTENIDO=75475&IDTIPO=100,206527,https://www.carm.es/web/descarga?ARCHIVO=PNB%20Tipo%201%20marzo-2026%20%20con%20respuestas.docx.pdf&ALIAS=ARCH&IDCONTENIDO=206527&IDTIPO=60
A,2026,03,1,PY,T1,murcia_2026-03_PY_T1.pdf,Patron de Yate - marzo 26,PAT tipo 1 marzo-2026  con respuestas.pdf,"435,78 KB",75475,https://www.carm.es/web/pagina?IDCONTENIDO=75475&IDTIPO=100,206530,https://www.carm.es/web/descarga?ARCHIVO=PAT%20tipo%201%20marzo-2026%20%20con%20respuestas.pdf&ALIAS=ARCH&IDCONTENIDO=206530&IDTIPO=60
C,2026,06,2,CY,T1,murcia_2026-06_CY_T1.pdf,Capitan Yate - tipo 1,WEB Tipo 1.CAP  junio-26 con respuestas.docx.pdf,"345,51 KB",74797,https://www.carm.es/web/pagina?IDCONTENIDO=74797&IDTIPO=100,170471,https://www.carm.es/web/descarga?ARCHIVO=WEB%20Tipo%201.CAP%20%20junio-26%20con%20respuestas.docx.pdf&ALIAS=ARCH&IDCONTENIDO=170471&IDTIPO=60
C,2026,06,2,CY,T2,murcia_2026-06_CY_T2.pdf,Capitan Yate - tipo 2,WEB Tipo 2.CAP  junio-26 con respuestas.docx.pdf,"433,96 KB",74797,https://www.carm.es/web/pagina?IDCONTENIDO=74797&IDTIPO=100,199563,https://www.carm.es/web/descarga?ARCHIVO=WEB%20Tipo%202.CAP%20%20junio-26%20con%20respuestas.docx.pdf&ALIAS=ARCH&IDCONTENIDO=199563&IDTIPO=60
A,2026,06,2,PER,T1,murcia_2026-06_PER_T1.pdf,PER  - tipo 1,WEB PER tipo 1 junio-2026 con respuestas.pdf,"276,54 KB",74794,https://www.carm.es/web/pagina?IDCONTENIDO=74794&IDTIPO=100,80693,https://www.carm.es/web/descarga?ARCHIVO=WEB%20PER%20tipo%201%20junio-2026%20con%20respuestas.pdf&ALIAS=ARCH&IDCONTENIDO=80693&IDTIPO=60
A,2026,06,2,PER,T2,murcia_2026-06_PER_T2.pdf,PER - tipo 2,PER tipo 2 junio-2026 con respuestas.pdf,"277,23 KB",74794,https://www.carm.es/web/pagina?IDCONTENIDO=74794&IDTIPO=100,199559,https://www.carm.es/web/descarga?ARCHIVO=PER%20tipo%202%20junio-2026%20con%20respuestas.pdf&ALIAS=ARCH&IDCONTENIDO=199559&IDTIPO=60
B,2026,06,2,PERR,T1,murcia_2026-06_PERR_T1.pdf,PER  - reducido - tipo 1,PER reducido T-1 junio-2026 con respuestas.pdf,245 KB,74795,https://www.carm.es/web/pagina?IDCONTENIDO=74795&IDTIPO=100,80694,https://www.carm.es/web/descarga?ARCHIVO=PER%20reducido%20T-1%20junio-2026%20con%20respuestas.pdf&ALIAS=ARCH&IDCONTENIDO=80694&IDTIPO=60
B,2026,06,2,PERR,T2,murcia_2026-06_PERR_T2.pdf,PER reducido - tipo 2,PER reducido T-2 junio-2026 con respuestas.pdf,"202,62 KB",74795,https://www.carm.es/web/pagina?IDCONTENIDO=74795&IDTIPO=100,199560,https://www.carm.es/web/descarga?ARCHIVO=PER%20reducido%20T-2%20junio-2026%20con%20respuestas.pdf&ALIAS=ARCH&IDCONTENIDO=199560&IDTIPO=60
C,2026,06,2,PNB,T1,murcia_2026-06_PNB_T1.pdf,PNB  - tipo 1,WEB PNB tipo 1 junio-2026 con respuestas.pdf,"268,79 KB",74792,https://www.carm.es/web/pagina?IDCONTENIDO=74792&IDTIPO=100,80674,https://www.carm.es/web/descarga?ARCHIVO=WEB%20PNB%20tipo%201%20junio-2026%20con%20respuestas.pdf&ALIAS=ARCH&IDCONTENIDO=80674&IDTIPO=60
C,2026,06,2,PNB,T2,murcia_2026-06_PNB_T2.pdf,PNB - tipo 2,PNB tipo 2 junio-2026 con respuestas.pdf,"268,89 KB",74792,https://www.carm.es/web/pagina?IDCONTENIDO=74792&IDTIPO=100,77382,https://www.carm.es/web/descarga?ARCHIVO=PNB%20tipo%202%20junio-2026%20con%20respuestas.pdf&ALIAS=ARCH&IDCONTENIDO=77382&IDTIPO=60
A,2026,06,2,PY,T1,murcia_2026-06_PY_T1.pdf,Patron Yate - tipo 1,WEB PAT tipo 1 junio-2026  con respuestas.docx.pdf,"366,19 KB",74796,https://www.carm.es/web/pagina?IDCONTENIDO=74796&IDTIPO=100,170472,https://www.carm.es/web/descarga?ARCHIVO=WEB%20PAT%20tipo%201%20junio-2026%20%20con%20respuestas.docx.pdf&ALIAS=ARCH&IDCONTENIDO=170472&IDTIPO=60
A,2026,06,2,PY,T2,murcia_2026-06_PY_T2.pdf,Patron Yate - tipo 2,PAT tipo 2 junio-2026  con respuestas.docx.pdf,"367,08 KB",74796,https://www.carm.es/web/pagina?IDCONTENIDO=74796&IDTIPO=100,199562,https://www.carm.es/web/descarga?ARCHIVO=PAT%20tipo%202%20junio-2026%20%20con%20respuestas.docx.pdf&ALIAS=ARCH&IDCONTENIDO=199562&IDTIPO=60
